{"cameraMode":{"drawMode":0,"name":"Shaded","section":"Shading Mode"},"sceneLighting":false,"audioPlay":false,"sceneViewState":{"m_AlwaysRefresh":false,"showFog":true,"showSkybox":false,"showFlares":true,"showImageEffects":true,"showParticleSystems":true,"showVisualEffectGraphs":true,"m_FxEnabled":true},"in2DMode":false,"pivot":{"x":-2.3678340911865236,"y":0.6133752465248108,"z":-0.07486933469772339},"rotation":{"x":-0.06594932824373245,"y":0.7411947250366211,"z":-0.07361873984336853,"w":-0.6639753580093384},"size":1.8037090301513672,"orthographic":false}