{"cameraMode":{"drawMode":0,"name":"Shaded","section":"Shading Mode"},"sceneLighting":false,"audioPlay":false,"sceneViewState":{"m_AlwaysRefresh":false,"showFog":true,"showSkybox":false,"showFlares":true,"showImageEffects":true,"showParticleSystems":true,"showVisualEffectGraphs":true,"m_FxEnabled":true},"in2DMode":false,"pivot":{"x":0.9858798980712891,"y":14.871421813964844,"z":-57.277427673339847},"rotation":{"x":-0.13459764420986176,"y":0.7805631756782532,"z":-0.18013888597488404,"w":-0.5832276344299316},"size":10.168169021606446,"orthographic":false}