{"cameraMode":{"drawMode":0,"name":"Shaded","section":"Shading Mode"},"sceneLighting":false,"audioPlay":false,"sceneViewState":{"m_AlwaysRefresh":false,"showFog":true,"showSkybox":false,"showFlares":true,"showImageEffects":true,"showParticleSystems":true,"showVisualEffectGraphs":true,"m_FxEnabled":true},"in2DMode":false,"pivot":{"x":-0.05159294605255127,"y":-0.1755887269973755,"z":-2.1767497062683107},"rotation":{"x":-0.014520988799631596,"y":-0.9852144122123718,"z":0.10862293094396591,"w":-0.13170510530471803},"size":2.8472132682800295,"orthographic":false}